1439349705.740443,-0.052000,0.444000,-0.626000
1439349705.759486,0.044000,0.469000,-0.597000
1439349705.779994,-0.114000,0.622000,-0.613000
1439349705.799037,-0.048000,0.633000,-0.633000
1439349705.819545,0.049000,0.491000,-0.606000
1439349705.838588,0.052000,0.489000,-0.602000
1439349705.859096,-0.020000,0.640000,-0.567000
1439349705.878139,0.075000,0.589000,-0.543000
1439349705.898647,0.057000,0.482000,-0.484000
1439349705.917690,0.015000,0.624000,-0.459000
1439349705.938197,-0.050000,0.685000,-0.467000
1439349705.958705,0.043000,0.614000,-0.458000
1439349705.977748,-0.012000,0.565000,-0.434000
1439349705.998256,-0.002000,0.683000,-0.473000
1439349706.017299,-0.044000,0.649000,-0.480000
1439349706.037807,-0.060000,0.663000,-0.473000
1439349706.056850,-0.116000,0.754000,-0.521000
1439349706.077358,-0.077000,0.759000,-0.588000
1439349706.096400,0.004000,0.650000,-0.626000
1439349706.116908,-0.050000,0.664000,-0.604000
1439349706.135951,-0.103000,0.821000,-0.620000
1439349706.156459,-0.127000,0.825000,-0.646000
1439349706.175502,-0.103000,0.795000,-0.610000
1439349706.196010,-0.073000,0.816000,-0.608000
1439349706.216518,-0.082000,0.822000,-0.575000
1439349706.235561,-0.103000,0.843000,-0.523000
1439349706.256068,-0.144000,0.870000,-0.541000
1439349706.275111,-0.128000,0.905000,-0.633000
1439349706.295619,0.027000,0.844000,-0.634000
1439349706.314662,-0.042000,0.703000,-0.638000
1439349706.335170,-0.020000,0.796000,-0.602000
1439349706.354213,-0.108000,0.838000,-0.594000
1439349706.374721,-0.083000,0.832000,-0.567000
1439349706.393764,-0.138000,0.838000,-0.566000
1439349706.414272,-0.098000,0.942000,-0.569000
1439349706.433315,-0.117000,1.002000,-0.630000
1439349706.453822,-0.055000,1.101000,-0.715000
1439349706.472865,-0.100000,1.255000,-0.868000
1439349706.493373,-0.096000,1.543000,-1.088000
1439349706.513881,-0.086000,1.681000,-1.218000
1439349706.532924,-0.107000,1.661000,-1.230000
1439349706.553432,-0.141000,1.723000,-1.342000
1439349706.572475,-0.180000,1.674000,-1.347000
1439349706.592983,-0.191000,1.383000,-1.174000
1439349706.612025,-0.164000,1.166000,-0.971000
1439349706.632533,-0.125000,0.976000,-0.759000
1439349706.651576,-0.061000,0.667000,-0.529000
1439349706.672084,0.168000,0.395000,-0.402000
1439349706.691127,0.144000,0.145000,-0.301000
1439349706.711635,0.245000,-0.001000,-0.189000
1439349706.730678,0.170000,-0.012000,-0.092000
1439349706.751186,0.122000,0.022000,0.002000
1439349706.771693,0.136000,-0.050000,0.043000
1439349706.790736,0.122000,-0.032000,0.024000
1439349706.811244,0.110000,-0.063000,0.014000
1439349706.830287,0.138000,-0.063000,-0.004000
1439349706.850795,0.102000,-0.174000,0.049000
1439349706.869838,0.147000,-0.434000,0.090000
1439349706.890346,0.101000,-0.359000,0.179000
1439349706.909389,0.089000,-0.118000,0.137000
1439349706.929897,0.072000,-0.013000,0.111000
1439349706.948940,0.129000,-0.107000,0.089000
1439349706.969447,0.132000,-0.155000,0.086000
1439349706.988490,0.037000,-0.070000,0.097000
1439349707.008998,-0.037000,-0.039000,0.077000
1439349707.029506,-0.085000,-0.025000,0.060000
1439349707.048549,-0.338000,0.056000,-0.113000
1439349707.069057,-0.467000,0.229000,-0.227000
1439349707.088100,-0.783000,0.180000,-0.344000
1439349707.108608,-1.192000,0.298000,-0.701000
1439349707.127650,-1.423000,0.567000,-1.608000
1439349707.148158,-1.643000,1.999000,-2.000000
1439349707.167201,-1.434000,1.999000,-2.000000
1439349707.187709,-0.905000,1.513000,-2.000000
1439349707.206752,-0.601000,1.999000,-2.000000
1439349707.227260,-0.582000,1.999000,-2.000000
1439349707.247768,-0.338000,1.999000,-2.000000
1439349707.266811,-0.039000,1.999000,-2.000000
1439349707.285854,0.154000,1.709000,-1.961000
1439349707.306361,0.094000,1.466000,-1.677000
1439349707.326869,-0.039000,1.370000,-1.334000
1439349707.347377,-0.240000,1.095000,-1.067000
1439349707.366420,-0.335000,0.745000,-0.890000
1439349707.385463,-0.341000,0.500000,-0.625000
1439349707.405971,-0.437000,0.309000,-0.522000
1439349707.425014,-0.490000,0.199000,-0.444000
1439349707.445522,-0.508000,0.125000,-0.352000
1439349707.464565,-0.476000,0.063000,-0.299000
1439349707.485072,-0.374000,0.008000,-0.270000
1439349707.504115,-0.290000,-0.034000,-0.207000
1439349707.524623,-0.298000,-0.011000,-0.185000
1439349707.543666,-0.222000,0.056000,-0.171000
1439349707.564174,-0.154000,0.068000,-0.140000
1439349707.584682,-0.115000,0.053000,-0.121000
1439349707.603725,-0.009000,0.109000,-0.138000
1439349707.624233,0.079000,0.207000,-0.176000
1439349707.643275,0.162000,0.264000,-0.232000
1439349707.663783,0.325000,0.335000,-0.339000
1439349707.682826,0.374000,0.439000,-0.434000
1439349707.703334,0.377000,0.603000,-0.525000
1439349707.722377,0.350000,0.775000,-0.612000
1439349707.742885,0.310000,0.887000,-0.678000
1439349707.761928,0.302000,1.009000,-0.761000
1439349707.782436,0.255000,1.090000,-0.827000
1439349707.801479,0.203000,1.075000,-0.840000
1439349707.821986,0.164000,1.056000,-0.811000
1439349707.841029,0.149000,1.088000,-0.819000
1439349707.861537,0.124000,1.059000,-0.825000
1439349707.882045,0.121000,0.959000,-0.788000
1439349707.901088,0.138000,0.908000,-0.713000
1439349707.921596,0.125000,0.872000,-0.654000
1439349707.940639,0.105000,0.809000,-0.633000
1439349707.961147,0.139000,0.729000,-0.577000
1439349707.980190,0.145000,0.666000,-0.545000
1439349708.000697,0.131000,0.682000,-0.556000
1439349708.019740,0.187000,0.682000,-0.554000
1439349708.040248,0.136000,0.649000,-0.557000
1439349708.060756,0.096000,0.702000,-0.552000
1439349708.079799,0.109000,0.754000,-0.576000
1439349708.098842,0.147000,0.702000,-0.613000
1439349708.119350,0.148000,0.666000,-0.625000
1439349708.139858,0.114000,0.721000,-0.626000
1439349708.158900,0.128000,0.768000,-0.633000
1439349708.179408,0.135000,0.719000,-0.631000
1439349708.198451,0.116000,0.723000,-0.633000
1439349708.218959,0.119000,0.775000,-0.652000
1439349708.239467,0.156000,0.737000,-0.656000
1439349708.258510,0.128000,0.717000,-0.647000
1439349708.277553,0.118000,0.781000,-0.661000
1439349708.298061,0.150000,0.769000,-0.661000
1439349708.318568,0.122000,0.724000,-0.653000
1439349708.337611,0.112000,0.763000,-0.643000
1439349708.356654,0.114000,0.779000,-0.652000
1439349708.377162,0.112000,0.743000,-0.651000
1439349708.397670,0.103000,0.744000,-0.649000
1439349708.416713,0.095000,0.785000,-0.658000
1439349708.437221,0.122000,0.762000,-0.672000
1439349708.456264,0.135000,0.707000,-0.670000
1439349708.476772,0.107000,0.738000,-0.663000
1439349708.495815,0.101000,0.781000,-0.663000
1439349708.516322,0.126000,0.740000,-0.669000
1439349708.535365,0.134000,0.702000,-0.657000
1439349708.555873,0.107000,0.751000,-0.654000
1439349708.574916,0.113000,0.774000,-0.643000
1439349708.595424,0.128000,0.728000,-0.639000
1439349708.614467,0.121000,0.721000,-0.627000
1439349708.634975,0.101000,0.772000,-0.639000
1439349708.654018,0.118000,0.756000,-0.643000
1439349708.674525,0.123000,0.708000,-0.636000
1439349708.695033,0.085000,0.751000,-0.642000
1439349708.714076,0.103000,0.780000,-0.654000
1439349708.734584,0.100000,0.729000,-0.641000
1439349708.753627,0.069000,0.750000,-0.635000
1439349708.774135,0.083000,0.779000,-0.652000
1439349708.793178,0.125000,0.726000,-0.662000
1439349708.813686,0.105000,0.698000,-0.653000
1439349708.832729,0.083000,0.771000,-0.667000
1439349708.853236,0.124000,0.762000,-0.668000
1439349708.872279,0.130000,0.689000,-0.670000
1439349708.892787,0.105000,0.724000,-0.659000
1439349708.911830,0.106000,0.784000,-0.665000
1439349708.932338,0.127000,0.724000,-0.669000
1439349708.952846,0.109000,0.697000,-0.654000
1439349708.971889,0.083000,0.779000,-0.658000
1439349708.992397,0.100000,0.770000,-0.667000
1439349709.011440,0.135000,0.688000,-0.665000
1439349709.031947,0.104000,0.714000,-0.667000
1439349709.050990,0.113000,0.765000,-0.652000
1439349709.071498,0.100000,0.746000,-0.645000
1439349709.090541,0.089000,0.730000,-0.664000
1439349709.111049,0.133000,0.731000,-0.664000
1439349709.131557,0.099000,0.728000,-0.645000
1439349709.150600,0.083000,0.757000,-0.652000
1439349709.169643,0.125000,0.740000,-0.654000
1439349709.190150,0.105000,0.707000,-0.658000
1439349709.210658,0.105000,0.737000,-0.654000
1439349709.229701,0.099000,0.756000,-0.654000
1439349709.250209,0.107000,0.721000,-0.654000
1439349709.269252,0.111000,0.717000,-0.651000
1439349709.289760,0.105000,0.744000,-0.655000
1439349709.308803,0.109000,0.734000,-0.649000
1439349709.329311,0.097000,0.726000,-0.654000
1439349709.348354,0.095000,0.753000,-0.653000
1439349709.368861,0.105000,0.739000,-0.656000
1439349709.387904,0.109000,0.715000,-0.666000
1439349709.408412,0.102000,0.730000,-0.660000
1439349709.427455,0.073000,0.753000,-0.625000
1439349709.447963,0.095000,0.724000,-0.672000
1439349709.468471,0.110000,0.760000,-0.663000
1439349709.487514,0.083000,0.735000,-0.658000
1439349709.508022,0.103000,0.722000,-0.654000
1439349709.527065,0.093000,0.734000,-0.659000
1439349709.547572,0.087000,0.747000,-0.656000
1439349709.566615,0.095000,0.742000,-0.651000
1439349709.587123,0.091000,0.734000,-0.658000
1439349709.606166,0.103000,0.739000,-0.655000
1439349709.626674,0.093000,0.741000,-0.659000
1439349709.645717,0.089000,0.746000,-0.659000
1439349709.666225,0.095000,0.741000,-0.655000
1439349709.685268,0.091000,0.739000,-0.660000
1439349709.705775,0.098000,0.742000,-0.667000
1439349709.724818,0.083000,0.741000,-0.667000
1439349709.745326,0.074000,0.754000,-0.665000
1439349709.765834,0.098000,0.745000,-0.670000
1439349709.784877,0.098000,0.721000,-0.672000
1439349709.805385,0.085000,0.736000,-0.675000
1439349709.824428,0.091000,0.750000,-0.667000
1439349709.844936,0.093000,0.725000,-0.667000
1439349709.863979,0.084000,0.729000,-0.659000
1439349709.884486,0.078000,0.746000,-0.661000
1439349709.903529,0.100000,0.730000,-0.673000
1439349709.924037,0.090000,0.719000,-0.665000
1439349709.943080,0.086000,0.685000,-0.641000
1439349709.963588,0.092000,0.587000,-0.605000
1439349709.982631,0.122000,0.505000,-0.663000
1439349710.003139,0.101000,0.634000,-0.665000
1439349710.023647,0.104000,0.579000,-0.734000
1439349710.042690,0.121000,0.530000,-0.759000
1439349710.063197,0.117000,0.553000,-0.788000
1439349710.082240,0.110000,0.599000,-0.781000
1439349710.102748,0.115000,0.476000,-0.834000
1439349710.121791,0.140000,0.410000,-0.874000
1439349710.142299,0.155000,0.362000,-0.946000
1439349710.161342,0.123000,0.411000,-0.918000
1439349710.181850,0.133000,0.332000,-0.977000
1439349710.200893,0.166000,0.240000,-0.961000
1439349710.221400,0.168000,0.177000,-1.031000
1439349710.240443,0.129000,0.171000,-0.874000
1439349710.260951,0.063000,-0.259000,-0.815000
1439349710.279994,0.469000,-1.760000,-1.172000
1439349710.300502,0.698000,-1.713000,-1.723000
1439349710.321010,0.289000,-1.345000,-2.000000
1439349710.340053,0.389000,-0.868000,-2.000000
1439349710.360561,0.315000,-1.144000,-2.000000
1439349710.379604,0.530000,-1.570000,-1.938000
1439349710.400111,0.444000,-1.664000,-1.830000
1439349710.419154,0.355000,-1.419000,-1.831000
1439349710.439662,0.324000,-1.060000,-1.727000
1439349710.458705,0.214000,-0.817000,-1.793000
1439349710.479213,0.272000,-0.500000,-2.000000
1439349710.498256,0.164000,-0.304000,-2.000000
1439349710.518764,0.333000,-0.038000,-2.000000
1439349710.537807,0.439000,-0.175000,-2.000000
1439349710.558315,0.417000,-0.238000,-2.000000
1439349710.578822,0.263000,0.685000,-2.000000
1439349710.597865,0.164000,-0.074000,-2.000000
1439349710.618373,0.485000,-0.789000,-2.000000
1439349710.637416,0.277000,-0.676000,-2.000000
1439349710.657924,0.615000,-1.640000,-2.000000
1439349710.676967,0.486000,-2.000000,-2.000000
1439349710.697475,0.148000,-2.000000,-2.000000
1439349710.716518,0.381000,-0.361000,-2.000000
1439349710.737025,0.417000,-0.105000,-2.000000
1439349710.756068,0.114000,0.205000,-2.000000
1439349710.776576,0.544000,0.432000,-2.000000
1439349710.795619,0.679000,0.196000,-2.000000
1439349710.816127,0.563000,1.235000,-2.000000
1439349710.836635,-0.186000,0.769000,-2.000000
1439349710.855678,0.684000,-0.155000,-2.000000
1439349710.876186,0.679000,-0.353000,-2.000000
1439349710.895229,-0.334000,-1.546000,-2.000000
1439349710.915736,0.575000,-2.000000,-2.000000
1439349710.934779,0.364000,-0.773000,-2.000000
1439349710.955287,-0.050000,0.195000,-2.000000
1439349710.975795,0.289000,0.771000,-2.000000
1439349710.994838,0.485000,0.735000,-2.000000
1439349711.013881,0.912000,1.151000,-2.000000
1439349711.034389,0.216000,1.689000,-2.000000
1439349711.053432,0.340000,0.833000,-2.000000
1439349711.075404,0.571000,0.146000,-2.000000
1439349711.092983,0.427000,-0.068000,-2.000000
1439349711.113490,-0.133000,-1.016000,-2.000000
1439349711.133998,0.743000,-2.000000,-2.000000
1439349711.153041,0.086000,-0.622000,-2.000000
1439349711.173549,0.092000,0.305000,-2.000000
1439349711.192592,0.291000,0.821000,-2.000000
1439349711.213100,0.511000,0.892000,-2.000000
1439349711.232143,1.027000,1.214000,-2.000000
1439349711.252650,0.306000,1.732000,-2.000000
1439349711.271693,0.232000,0.832000,-2.000000
1439349711.292201,0.628000,0.050000,-2.000000
1439349711.311244,0.496000,-0.076000,-2.000000
1439349711.331752,-0.267000,-0.964000,-2.000000
1439349711.350795,0.415000,-1.969000,-2.000000
1439349711.371303,0.228000,-0.499000,-2.000000
1439349711.391811,0.112000,0.132000,-2.000000
1439349711.410854,0.473000,0.990000,-2.000000
1439349711.431361,0.311000,0.827000,-2.000000
1439349711.450404,1.290000,1.705000,-2.000000
1439349711.470912,0.096000,1.439000,-2.000000
1439349711.489955,0.308000,0.681000,-2.000000
1439349711.510463,0.577000,0.009000,-2.000000
1439349711.529506,0.398000,-0.242000,-2.000000
1439349711.550014,-0.014000,-1.356000,-2.000000
1439349711.569057,0.165000,-1.780000,-2.000000
1439349711.589565,0.224000,-0.461000,-2.000000
1439349711.608608,0.178000,0.241000,-2.000000
1439349711.629115,0.371000,0.751000,-2.000000
1439349711.649623,0.290000,0.919000,-2.000000
1439349711.668666,0.915000,1.091000,-2.000000
1439349711.689174,0.777000,1.940000,-2.000000
1439349711.708217,-0.206000,0.851000,-2.000000
1439349711.728725,0.583000,0.226000,-2.000000
1439349711.747768,0.597000,-0.144000,-2.000000
1439349711.768275,0.007000,-0.875000,-2.000000
1439349711.788783,0.022000,-1.641000,-2.000000
1439349711.807826,0.457000,-1.082000,-2.000000
1439349711.826869,0.120000,0.009000,-2.000000
1439349711.847377,0.154000,0.330000,-2.000000
1439349711.867885,0.488000,0.791000,-2.000000
1439349711.886928,0.325000,0.798000,-2.000000
1439349711.905971,0.980000,1.428000,-2.000000
1439349711.926479,0.412000,1.712000,-2.000000
1439349711.946986,-0.136000,0.454000,-2.000000
1439349711.967494,0.562000,0.108000,-2.000000
1439349711.986537,0.667000,-0.159000,-2.000000
1439349712.005580,0.143000,-1.313000,-2.000000
1439349712.026088,-0.022000,-1.822000,-2.000000
1439349712.046596,0.539000,-0.705000,-2.000000
1439349712.065639,0.078000,0.161000,-2.000000
1439349712.084682,0.095000,0.345000,-2.000000
1439349712.105190,0.380000,0.518000,-2.000000
1439349712.125697,0.474000,0.849000,-2.000000
1439349712.144740,0.870000,1.180000,-2.000000
1439349712.163783,0.531000,1.672000,-2.000000
1439349712.184291,-0.209000,0.575000,-2.000000
1439349712.204799,0.454000,0.168000,-2.000000
1439349712.223842,0.784000,-0.144000,-2.000000
1439349712.244350,0.156000,-1.403000,-2.000000
1439349712.263393,-0.208000,-1.819000,-2.000000
1439349712.283900,0.612000,-0.806000,-2.000000
1439349712.302943,0.115000,0.114000,-2.000000
1439349712.323451,0.078000,0.330000,-2.000000
1439349712.342494,0.208000,0.385000,-2.000000
1439349712.363002,0.620000,0.912000,-2.000000
1439349712.382045,0.541000,0.785000,-2.000000
1439349712.402553,0.972000,1.717000,-2.000000
1439349712.421596,-0.252000,0.641000,-2.000000
1439349712.442104,0.252000,0.192000,-2.000000
1439349712.462611,0.843000,-0.105000,-2.000000
1439349712.481654,0.291000,-0.918000,-2.000000
1439349712.502162,-0.197000,-1.721000,-2.000000
1439349712.521205,0.559000,-1.347000,-2.000000
1439349712.541713,0.197000,0.022000,-2.000000
1439349712.560756,0.101000,0.270000,-2.000000
1439349712.581264,0.156000,0.365000,-2.000000
1439349712.600307,0.504000,0.749000,-2.000000
1439349712.620815,0.486000,0.685000,-2.000000
1439349712.639858,1.156000,1.558000,-2.000000
1439349712.660365,-0.013000,1.149000,-2.000000
1439349712.679408,0.042000,0.340000,-2.000000
1439349712.699916,0.648000,0.016000,-2.000000
1439349712.720424,0.664000,-0.440000,-2.000000
1439349712.739467,0.015000,-1.845000,-2.000000
1439349712.759975,0.125000,-1.801000,-2.000000
1439349712.779018,0.415000,-0.116000,-2.000000
1439349712.799525,0.125000,0.301000,-2.000000
1439349712.818568,0.125000,0.329000,-2.000000
1439349712.839076,0.326000,0.508000,-2.000000
1439349712.859584,0.638000,0.872000,-2.000000
1439349712.878627,0.830000,1.021000,-2.000000
1439349712.897670,0.547000,1.636000,-2.000000
1439349712.918178,-0.186000,0.427000,-2.000000
1439349712.938686,0.449000,0.157000,-2.000000
1439349712.957729,0.873000,-0.140000,-2.000000
1439349712.976772,0.387000,-1.317000,-2.000000
1439349712.997279,-0.301000,-1.952000,-2.000000
1439349713.017787,0.645000,-0.682000,-2.000000
1439349713.036830,0.146000,0.307000,-2.000000
1439349713.057338,0.095000,0.302000,-2.000000
1439349713.076381,0.229000,0.422000,-2.000000
1439349713.096889,0.530000,0.839000,-2.000000
1439349713.115932,0.667000,0.758000,-2.000000
1439349713.136440,1.023000,1.716000,-2.000000
1439349713.155483,-0.317000,0.704000,-2.000000
1439349713.175990,0.169000,0.258000,-2.000000
1439349713.195033,0.862000,-0.056000,-2.000000
1439349713.215541,0.484000,-0.988000,-2.000000
1439349713.234584,-0.149000,-1.992000,-2.000000
1439349713.255092,0.435000,-1.337000,-2.000000
1439349713.275600,0.313000,0.147000,-2.000000
1439349713.294643,0.094000,0.305000,-2.000000
1439349713.315150,0.177000,0.370000,-2.000000
1439349713.334193,0.397000,0.585000,-2.000000
1439349713.354701,0.621000,0.779000,-2.000000
1439349713.373744,1.046000,1.336000,-2.000000
1439349713.394252,0.177000,1.261000,-2.000000
1439349713.413295,-0.067000,0.241000,-2.000000
1439349713.433803,0.632000,0.095000,-2.000000
1439349713.452846,0.740000,-0.330000,-2.000000
1439349713.473354,0.228000,-1.701000,-2.000000
1439349713.492397,-0.138000,-1.893000,-2.000000
1439349713.512904,0.523000,-0.187000,-2.000000
1439349713.533412,0.153000,0.378000,-2.000000
1439349713.552455,0.140000,0.334000,-2.000000
1439349713.572963,0.300000,0.531000,-2.000000
1439349713.592006,0.499000,0.808000,-2.000000
1439349713.612514,0.914000,0.987000,-2.000000
1439349713.631557,0.607000,1.675000,-2.000000
1439349713.652065,-0.225000,0.469000,-2.000000
1439349713.671108,0.389000,0.208000,-2.000000
1439349713.691615,0.872000,-0.106000,-2.000000
1439349713.710658,0.370000,-1.431000,-2.000000
1439349713.731166,-0.285000,-2.000000,-2.000000
1439349713.750209,0.565000,-0.811000,-2.000000
1439349713.770717,0.204000,0.362000,-2.000000
1439349713.789760,0.115000,0.274000,-2.000000
1439349713.810268,0.222000,0.469000,-2.000000
1439349713.830775,0.430000,0.652000,-2.000000
1439349713.849818,0.688000,0.905000,-2.000000
1439349713.870326,1.032000,1.650000,-2.000000
1439349713.889369,-0.151000,0.801000,-2.000000
1439349713.909877,0.139000,0.321000,-2.000000
1439349713.928920,0.785000,-0.014000,-2.000000
1439349713.949428,0.481000,-0.720000,-2.000000
1439349713.968471,0.041000,-1.784000,-2.000000
1439349713.988979,0.232000,-1.567000,-2.000000
1439349714.008022,0.375000,0.062000,-2.000000
1439349714.028529,0.090000,0.364000,-2.000000
1439349714.047572,0.187000,0.380000,-2.000000
1439349714.068080,0.341000,0.605000,-2.000000
1439349714.088588,0.570000,0.811000,-2.000000
1439349714.107631,1.044000,1.242000,-2.000000
1439349714.128139,0.276000,1.342000,-2.000000
1439349714.147182,-0.098000,0.320000,-2.000000
1439349714.167690,0.539000,0.083000,-2.000000
1439349714.186733,0.822000,-0.221000,-2.000000
1439349714.207240,0.322000,-1.691000,-2.000000
1439349714.226283,-0.250000,-2.000000,-2.000000
1439349714.246791,0.531000,-0.334000,-2.000000
1439349714.265834,0.156000,0.500000,-2.000000
1439349714.286342,0.186000,0.303000,-2.000000
1439349714.305385,0.289000,0.581000,-2.000000
1439349714.325893,0.477000,0.799000,-2.000000
1439349714.346400,0.981000,1.180000,-2.000000
1439349714.365443,0.587000,1.614000,-2.000000
1439349714.385951,-0.193000,0.314000,-2.000000
1439349714.404994,0.396000,0.299000,-2.000000
1439349714.425502,0.812000,-0.149000,-2.000000
1439349714.444545,0.485000,-1.572000,-2.000000
1439349714.465053,-0.292000,-2.000000,-2.000000
1439349714.484096,0.508000,-0.611000,-2.000000
1439349714.504604,0.250000,0.513000,-2.000000
1439349714.523647,0.212000,0.304000,-2.000000
1439349714.544154,0.295000,0.567000,-2.000000
1439349714.564662,0.467000,0.728000,-2.000000
1439349714.583705,0.849000,1.059000,-2.000000
1439349714.604213,0.822000,1.754000,-2.000000
1439349714.623256,-0.212000,0.392000,-2.000000
1439349714.643764,0.294000,0.296000,-2.000000
1439349714.662807,0.833000,-0.101000,-2.000000
1439349714.683315,0.452000,-1.055000,-2.000000
1439349714.702358,-0.170000,-2.000000,-2.000000
1439349714.722865,0.472000,-0.846000,-2.000000
1439349714.741908,0.288000,0.487000,-2.000000
1439349714.762416,0.200000,0.302000,-2.000000
1439349714.781459,0.257000,0.541000,-2.000000
1439349714.801967,0.439000,0.723000,-2.000000
1439349714.821010,0.810000,1.044000,-2.000000
1439349714.841518,0.889000,1.797000,-2.000000
1439349714.860561,-0.144000,0.442000,-2.000000
1439349714.881068,0.267000,0.372000,-2.000000
1439349714.901576,0.850000,-0.085000,-2.000000
1439349714.920619,0.459000,-1.155000,-2.000000
1439349714.941127,-0.078000,-2.000000,-2.000000
1439349714.960170,0.415000,-1.000000,-2.000000
1439349714.980678,0.304000,0.415000,-2.000000
1439349714.999721,0.190000,0.320000,-2.000000
1439349715.020229,0.223000,0.533000,-2.000000
1439349715.039272,0.421000,0.673000,-2.000000
1439349715.059779,0.686000,0.976000,-2.000000
1439349715.078822,1.015000,1.809000,-2.000000
1439349715.099330,-0.058000,0.398000,-2.000000
1439349715.118373,0.136000,0.396000,-2.000000
1439349715.138881,0.809000,-0.020000,-2.000000
1439349715.159389,0.489000,-0.959000,-2.000000
1439349715.178432,0.074000,-2.000000,-2.000000
1439349715.198940,0.257000,-1.121000,-2.000000
1439349715.217983,0.357000,0.388000,-2.000000
1439349715.238490,0.211000,0.346000,-2.000000
1439349715.257533,0.224000,0.521000,-2.000000
1439349715.278041,0.388000,0.699000,-2.000000
1439349715.297084,0.660000,0.975000,-2.000000
1439349715.317592,1.008000,1.850000,-2.000000
1439349715.336635,-0.060000,0.363000,-2.000000
1439349715.357143,0.107000,0.383000,-2.000000
1439349715.376186,0.777000,-0.021000,-2.000000
1439349715.396693,0.452000,-0.939000,-2.000000
1439349715.417201,0.096000,-2.000000,-2.000000
1439349715.436244,0.237000,-1.150000,-2.000000
1439349715.456752,0.354000,0.391000,-2.000000
1439349715.475795,0.208000,0.326000,-2.000000
1439349715.496303,0.227000,0.527000,-2.000000
1439349715.515346,0.404000,0.698000,-2.000000
1439349715.535854,0.657000,0.973000,-2.000000
1439349715.554897,1.051000,1.927000,-2.000000
1439349715.575404,-0.064000,0.418000,-2.000000
1439349715.595912,0.111000,0.358000,-2.000000
1439349715.614955,0.771000,-0.031000,-2.000000
1439349715.633998,0.471000,-1.016000,-2.000000
1439349715.654506,0.104000,-2.000000,-2.000000
1439349715.675014,0.237000,-1.035000,-2.000000
1439349715.695522,0.339000,0.375000,-2.000000
1439349715.714565,0.221000,0.334000,-2.000000
1439349715.733608,0.223000,0.532000,-2.000000
1439349715.754115,0.397000,0.713000,-2.000000
1439349715.774623,0.628000,1.051000,-2.000000
1439349715.793666,0.993000,1.968000,-2.000000
1439349715.812709,-0.041000,0.487000,-2.000000
1439349715.833217,0.067000,0.346000,-2.000000
1439349715.853725,0.768000,-0.001000,-2.000000
1439349715.872768,0.425000,-0.850000,-2.000000
1439349715.891811,0.235000,-1.956000,-2.000000
1439349715.912318,0.153000,-1.280000,-2.000000
1439349715.931361,0.349000,0.299000,-2.000000
1439349715.951869,0.187000,0.316000,-2.000000
1439349715.972377,0.228000,0.541000,-2.000000
1439349715.991420,0.366000,0.651000,-2.000000
1439349716.011928,0.546000,0.875000,-2.000000
1439349716.030971,1.104000,1.872000,-2.000000
1439349716.051479,0.105000,0.702000,-2.000000
1439349716.070522,0.027000,0.363000,-2.000000
1439349716.091029,0.742000,-0.002000,-2.000000
1439349716.110072,0.546000,-0.739000,-2.000000
1439349716.130580,0.279000,-1.913000,-2.000000
1439349716.149623,0.055000,-1.406000,-2.000000
1439349716.170131,0.402000,0.290000,-2.000000
1439349716.189174,0.212000,0.356000,-2.000000
1439349716.209682,0.214000,0.495000,-2.000000
1439349716.230190,0.326000,0.648000,-2.000000
1439349716.249233,0.545000,0.870000,-2.000000
1439349716.269740,1.075000,1.878000,-2.000000
1439349716.288783,0.131000,0.903000,-2.000000
1439349716.309291,-0.078000,0.202000,-2.000000
1439349716.328334,0.701000,0.054000,-2.000000
1439349716.348842,0.521000,-0.532000,-2.000000
1439349716.367885,0.387000,-1.879000,-2.000000
1439349716.388393,-0.028000,-1.587000,-2.000000
1439349716.407436,0.416000,0.170000,-2.000000
1439349716.427943,0.189000,0.310000,-2.000000
1439349716.446986,0.221000,0.490000,-2.000000
1439349716.467494,0.284000,0.588000,-2.000000
1439349716.488002,0.486000,0.791000,-2.000000
1439349716.507045,0.952000,1.458000,-2.000000
1439349716.527553,0.329000,1.310000,-2.000000
1439349716.546596,-0.036000,0.237000,-2.000000
1439349716.567104,0.478000,0.201000,-2.000000
1439349716.586147,0.749000,-0.402000,-2.000000
1439349716.606654,0.513000,-1.760000,-2.000000
1439349716.625697,-0.125000,-1.858000,-2.000000
1439349716.646205,0.376000,-0.022000,-2.000000
1439349716.666713,0.251000,0.405000,-2.000000
1439349716.685756,0.268000,0.427000,-2.000000
1439349716.704799,0.252000,0.583000,-2.000000
1439349716.725307,0.438000,0.748000,-2.000000
1439349716.745815,0.858000,1.350000,-2.000000
1439349716.764858,0.602000,1.596000,-2.000000
1439349716.785365,0.007000,0.176000,-2.000000
1439349716.804408,0.366000,0.264000,-2.000000
1439349716.824916,0.705000,-0.125000,-2.000000
1439349716.843959,0.442000,-1.662000,-2.000000
1439349716.864467,-0.123000,-2.000000,-2.000000
1439349716.883510,0.436000,-0.341000,-2.000000
1439349716.904018,0.243000,0.394000,-2.000000
1439349716.923061,0.249000,0.391000,-2.000000
1439349716.943568,0.235000,0.555000,-2.000000
1439349716.962611,0.430000,0.756000,-2.000000
1439349716.983119,0.691000,1.193000,-2.000000
1439349717.003627,0.697000,1.709000,-2.000000
1439349717.022670,0.008000,0.289000,-2.000000
1439349717.043178,0.299000,0.238000,-2.000000
1439349717.062221,0.706000,-0.090000,-2.000000
1439349717.082729,0.555000,-1.558000,-2.000000
1439349717.101772,-0.008000,-2.000000,-2.000000
1439349717.122279,0.358000,-0.316000,-2.000000
1439349717.141322,0.268000,0.378000,-2.000000
1439349717.161830,0.265000,0.366000,-2.000000
1439349717.180873,0.232000,0.572000,-2.000000
1439349717.201381,0.410000,0.717000,-2.000000
1439349717.220424,0.681000,1.250000,-2.000000
1439349717.240932,0.666000,1.716000,-2.000000
1439349717.259975,0.161000,0.439000,-2.000000
1439349717.280483,0.197000,0.153000,-2.000000
1439349717.300990,0.734000,-0.024000,-2.000000
1439349717.320033,0.429000,-1.478000,-2.000000
1439349717.340541,-0.007000,-2.000000,-2.000000
1439349717.359584,0.340000,-0.669000,-2.000000
1439349717.380092,0.291000,0.400000,-2.000000
1439349717.399135,0.251000,0.326000,-2.000000
1439349717.419643,0.250000,0.556000,-2.000000
1439349717.438686,0.371000,0.708000,-2.000000
1439349717.459193,0.601000,0.939000,-2.000000
1439349717.478236,0.673000,1.745000,-2.000000
1439349717.498744,0.268000,0.727000,-2.000000
1439349717.517787,-0.008000,0.138000,-2.000000
1439349717.538295,0.722000,-0.011000,-2.000000
1439349717.558803,0.267000,-0.863000,-2.000000
1439349717.577846,0.293000,-1.845000,-2.000000
1439349717.598354,0.160000,-1.310000,-2.000000
1439349717.617397,0.363000,0.271000,-2.000000
1439349717.637904,0.201000,0.251000,-2.000000
1439349717.656947,0.206000,0.476000,-2.000000
1439349717.677455,0.248000,0.596000,-2.000000
1439349717.696498,0.477000,0.765000,-2.000000
1439349717.717006,0.702000,1.430000,-2.000000
1439349717.736049,0.306000,1.259000,-2.000000
1439349717.756557,0.212000,0.602000,-2.000000
1439349717.775600,0.282000,-0.186000,-2.000000
1439349717.796108,0.575000,-0.009000,-2.000000
1439349717.815150,0.326000,-1.766000,-2.000000
1439349717.835658,0.060000,-2.000000,-2.000000
1439349717.856166,0.275000,-0.375000,-2.000000
1439349717.875209,0.298000,0.758000,-2.000000
1439349717.895717,0.526000,1.117000,-2.000000
1439349717.914760,-1.373000,1.999000,-1.363000
1439349717.935268,0.574000,1.999000,-1.167000
1439349717.954311,0.054000,0.370000,0.587000
1439349717.974818,-0.170000,-0.663000,0.288000
1439349717.993861,0.253000,-0.055000,0.891000
1439349718.014369,0.434000,0.035000,0.890000
1439349718.033412,-0.080000,0.083000,0.937000
1439349718.053920,-0.051000,0.454000,0.944000
1439349718.072963,0.107000,0.522000,0.941000
1439349718.093471,-0.011000,0.514000,0.913000
1439349718.113979,-0.002000,0.477000,0.886000
1439349718.133022,0.106000,0.416000,0.905000
1439349718.153529,0.045000,0.359000,0.903000
1439349718.172572,0.064000,0.411000,0.904000
1439349718.193080,0.065000,0.465000,0.903000
1439349718.212123,0.010000,0.458000,0.905000
1439349718.232631,0.058000,0.424000,0.918000
1439349718.251674,0.057000,0.365000,0.914000
1439349718.272182,0.055000,0.371000,0.916000
1439349718.291225,0.040000,0.422000,0.916000
1439349718.311733,0.030000,0.450000,0.913000
1439349718.330775,0.059000,0.439000,0.902000
1439349718.351283,0.068000,0.420000,0.892000
1439349718.371791,0.054000,0.448000,0.894000
1439349718.390834,0.031000,0.481000,0.896000
1439349718.411342,0.017000,0.458000,0.906000
1439349718.430385,0.040000,0.415000,0.911000
1439349718.450893,0.046000,0.396000,0.912000
1439349718.469936,0.029000,0.409000,0.919000
1439349718.490443,0.041000,0.416000,0.916000
1439349718.509486,0.063000,0.395000,0.907000
1439349718.529994,0.058000,0.393000,0.905000
1439349718.549037,0.045000,0.419000,0.904000
1439349718.569545,0.041000,0.439000,0.901000
1439349718.588588,0.042000,0.433000,0.908000
1439349718.609096,0.047000,0.416000,0.907000
1439349718.629604,0.044000,0.414000,0.906000
1439349718.648647,0.044000,0.425000,0.899000
1439349718.669154,0.046000,0.433000,0.901000
1439349718.688197,0.041000,0.425000,0.908000
1439349718.708705,0.039000,0.420000,0.907000
1439349718.727748,0.025000,0.417000,0.910000
1439349718.748256,0.027000,0.427000,0.920000
1439349718.767299,0.002000,0.425000,0.924000
1439349718.787807,0.001000,0.422000,0.930000
1439349718.806850,0.024000,0.435000,0.924000
1439349718.827358,0.022000,0.439000,0.930000
1439349718.846400,0.024000,0.433000,0.914000
1439349718.866908,0.078000,0.410000,0.903000
1439349718.885951,0.065000,0.351000,0.880000
1439349718.906459,0.096000,0.348000,0.854000
1439349718.926967,0.063000,0.333000,0.833000
1439349718.946010,-0.008000,0.395000,0.788000
1439349718.966518,0.020000,0.420000,0.791000
1439349718.985561,0.041000,0.334000,0.769000
1439349719.006068,0.080000,0.289000,0.755000
1439349719.025111,0.125000,0.344000,0.737000
1439349719.045619,0.085000,0.416000,0.723000
1439349719.064662,0.102000,0.482000,0.721000
1439349719.085170,0.115000,0.465000,0.717000
1439349719.104213,0.110000,0.411000,0.716000
1439349719.124721,0.116000,0.391000,0.728000
1439349719.143764,0.080000,0.402000,0.750000
1439349719.164272,0.042000,0.395000,0.774000
1439349719.184779,0.037000,0.352000,0.797000
1439349719.203822,0.041000,0.320000,0.803000
1439349719.224330,0.035000,0.351000,0.820000
1439349719.243373,0.011000,0.387000,0.817000
1439349719.263881,0.081000,0.416000,0.816000
1439349719.282924,0.044000,0.368000,0.803000
1439349719.303432,0.024000,0.270000,0.785000
1439349719.323940,0.057000,0.194000,0.825000
1439349719.342983,-0.051000,0.164000,0.847000
1439349719.362025,-0.040000,0.266000,0.882000
1439349719.382533,-0.091000,0.276000,0.894000
1439349719.403041,-0.101000,0.215000,0.897000
1439349719.423549,-0.054000,0.192000,0.910000
1439349719.442592,-0.129000,0.192000,0.877000
1439349719.461635,-0.136000,0.259000,0.869000
1439349719.482143,-0.197000,0.227000,0.896000
1439349719.502650,-0.147000,0.213000,0.888000
1439349719.521693,-0.056000,0.270000,0.901000
1439349719.540736,-0.103000,0.275000,0.824000
1439349719.561244,0.010000,0.359000,0.779000
1439349719.581752,0.029000,0.387000,0.728000
1439349719.600795,0.011000,0.412000,0.703000
1439349719.619838,-0.001000,0.464000,0.740000
1439349719.640346,0.083000,0.414000,0.695000
1439349719.659389,0.257000,0.298000,0.681000
1439349719.679897,-0.029000,0.187000,0.686000
1439349719.698940,-0.035000,0.394000,0.653000
1439349719.719447,0.016000,0.575000,0.732000
1439349719.739955,-0.174000,0.541000,0.640000
1439349719.758998,-0.144000,0.533000,0.630000
1439349719.779506,0.138000,0.549000,0.707000
1439349719.798549,-0.059000,0.339000,0.751000
1439349719.819057,-0.189000,0.286000,0.741000
1439349719.838100,-0.048000,0.469000,0.827000
1439349719.858608,-0.061000,0.484000,0.859000
1439349719.877650,-0.224000,0.299000,0.916000
1439349719.898158,-0.263000,0.208000,0.974000
1439349719.917201,-0.201000,0.291000,1.013000
1439349719.937709,-0.033000,0.411000,1.068000
1439349719.956752,-0.236000,0.250000,1.156000
1439349719.977260,-0.330000,0.168000,1.157000
1439349719.997768,-0.332000,0.260000,1.196000
1439349720.016811,-0.283000,0.347000,1.296000
1439349720.037318,-0.284000,0.276000,1.311000
1439349720.056361,-0.315000,0.239000,1.235000
1439349720.076869,-0.233000,0.381000,1.264000
1439349720.095912,-0.147000,0.472000,1.296000
1439349720.116420,-0.258000,0.255000,1.221000
1439349720.135463,-0.149000,0.163000,1.216000
1439349720.155971,-0.019000,0.333000,1.218000
1439349720.175014,-0.228000,0.486000,1.182000
1439349720.195522,-0.194000,0.571000,1.135000
1439349720.216029,0.050000,0.528000,1.155000
1439349720.235072,-0.090000,0.418000,1.114000
1439349720.255580,-0.179000,0.541000,1.092000
1439349720.274623,-0.101000,0.694000,1.060000
1439349720.295131,-0.099000,0.690000,1.033000
1439349720.314174,-0.144000,0.523000,1.004000
1439349720.334682,-0.038000,0.433000,1.014000
1439349720.353725,-0.042000,0.411000,0.998000
1439349720.374233,-0.129000,0.456000,0.986000
1439349720.394740,-0.097000,0.509000,0.973000
1439349720.413783,-0.061000,0.458000,0.971000
1439349720.432826,-0.100000,0.385000,0.988000
1439349720.453334,-0.124000,0.375000,0.976000
1439349720.473842,-0.126000,0.404000,0.983000
1439349720.492885,-0.172000,0.425000,0.959000
1439349720.513393,-0.177000,0.436000,0.934000
1439349720.532436,-0.123000,0.425000,0.953000
1439349720.552943,0.606000,0.937000,1.682000
1439349720.571986,-0.050000,0.688000,0.715000
1439349720.592494,-0.324000,0.260000,0.514000
1439349720.611537,-0.455000,0.394000,0.770000
1439349720.632045,-0.228000,0.685000,0.904000
1439349720.651088,0.352000,0.704000,0.882000
1439349720.671596,-0.033000,0.591000,0.879000
1439349720.690639,-0.250000,0.403000,0.777000
1439349720.711147,-0.162000,0.417000,0.826000
1439349720.730190,0.037000,0.410000,1.195000
1439349720.750697,-0.174000,0.175000,0.959000
1439349720.769740,-0.275000,0.077000,0.946000
1439349720.790248,-0.213000,0.214000,0.730000
1439349720.810756,0.142000,0.719000,0.889000
1439349720.829799,0.142000,0.801000,0.920000
1439349720.850307,-0.357000,0.583000,0.898000
1439349720.869350,-0.401000,0.316000,0.805000
1439349720.889858,-0.177000,0.246000,0.858000
1439349720.908900,0.301000,0.500000,0.937000
1439349720.929408,-0.013000,0.449000,1.018000
1439349720.948451,-0.300000,0.373000,0.841000
1439349720.968959,-0.302000,0.422000,0.798000
1439349720.988002,-0.018000,0.542000,0.954000
1439349721.008510,0.114000,0.532000,0.918000
1439349721.027553,-0.174000,0.355000,0.863000
1439349721.048061,-0.261000,0.317000,0.835000
1439349721.068568,-0.121000,0.462000,0.899000
1439349721.087611,0.015000,0.548000,0.922000
1439349721.108119,-0.073000,0.468000,0.912000
1439349721.127162,-0.163000,0.369000,0.880000
1439349721.147670,-0.177000,0.404000,0.879000
1439349721.166713,-0.107000,0.475000,0.906000
1439349721.187221,-0.051000,0.473000,0.912000
1439349721.206264,-0.084000,0.432000,0.900000
1439349721.226772,-0.132000,0.415000,0.888000
1439349721.245815,-0.143000,0.426000,0.896000
1439349721.266322,-0.118000,0.446000,0.897000
1439349721.286830,-0.091000,0.468000,0.889000
1439349721.305873,-0.094000,0.462000,0.902000
1439349721.326381,-0.117000,0.423000,0.904000
1439349721.345424,-0.137000,0.414000,0.881000
1439349721.365932,-0.114000,0.440000,0.892000
1439349721.384975,-0.089000,0.470000,0.910000
1439349721.405483,-0.104000,0.455000,0.891000
1439349721.424525,-0.125000,0.417000,0.886000
1439349721.445033,-0.122000,0.426000,0.897000
1439349721.464076,-0.103000,0.455000,0.897000
1439349721.484584,-0.102000,0.453000,0.898000
1439349721.503627,-0.114000,0.430000,0.901000
1439349721.524135,-0.119000,0.437000,0.892000
1439349721.543178,-0.116000,0.446000,0.893000
1439349721.563686,-0.109000,0.441000,0.899000
1439349721.584193,-0.110000,0.436000,0.893000
1439349721.603236,-0.112000,0.441000,0.892000
1439349721.623744,-0.117000,0.437000,0.901000
1439349721.642787,-0.116000,0.436000,0.896000
1439349721.663295,-0.112000,0.440000,0.890000
1439349721.682338,-0.108000,0.446000,0.899000
1439349721.702846,-0.110000,0.441000,0.895000
1439349721.721889,-0.119000,0.436000,0.886000
1439349721.742397,-0.113000,0.441000,0.894000
1439349721.761440,-0.108000,0.445000,0.897000
1439349721.781947,-0.115000,0.443000,0.892000
1439349721.800990,-0.117000,0.433000,0.891000
1439349721.821498,-0.113000,0.438000,0.894000
1439349721.842006,-0.111000,0.443000,0.895000
1439349721.861049,-0.112000,0.438000,0.897000
1439349721.881557,-0.116000,0.438000,0.892000
1439349721.900600,-0.115000,0.442000,0.891000
1439349721.921108,-0.110000,0.442000,0.893000
1439349721.940150,-0.111000,0.439000,0.900000
1439349721.960658,-0.115000,0.440000,0.890000
1439349721.979701,-0.115000,0.444000,0.896000
1439349722.000209,-0.113000,0.440000,0.896000
1439349722.019252,-0.114000,0.436000,0.892000
1439349722.039760,-0.113000,0.441000,0.898000
1439349722.058803,-0.110000,0.442000,0.896000
1439349722.079311,-0.113000,0.438000,0.891000
1439349722.099818,-0.114000,0.441000,0.891000
1439349722.118861,-0.116000,0.442000,0.894000
1439349722.139369,-0.111000,0.442000,0.894000
1439349722.158412,-0.113000,0.440000,0.893000
1439349722.178920,-0.116000,0.441000,0.895000
1439349722.197963,-0.115000,0.443000,0.894000
1439349722.218471,-0.114000,0.443000,0.893000
1439349722.237514,-0.113000,0.441000,0.894000
1439349722.258022,-0.117000,0.439000,0.896000
1439349722.277065,-0.115000,0.442000,0.891000
1439349722.297572,-0.115000,0.441000,0.898000
1439349722.316615,-0.114000,0.439000,0.895000
1439349722.337123,-0.113000,0.442000,0.892000
1439349722.356166,-0.114000,0.443000,0.892000
1439349722.376674,-0.114000,0.441000,0.895000
1439349722.397182,-0.114000,0.439000,0.897000
1439349722.416225,-0.111000,0.441000,0.893000
1439349722.436733,-0.111000,0.440000,0.895000
1439349722.455775,-0.117000,0.440000,0.894000
1439349722.476283,-0.114000,0.443000,0.897000
1439349722.495326,-0.112000,0.444000,0.894000
1439349722.515834,-0.109000,0.439000,0.892000
1439349722.534877,-0.116000,0.442000,0.893000
1439349722.555385,-0.111000,0.441000,0.896000
1439349722.574428,-0.114000,0.441000,0.894000
1439349722.594936,-0.112000,0.442000,0.898000
1439349722.613979,-0.110000,0.441000,0.893000
1439349722.634486,-0.113000,0.443000,0.892000
1439349722.654994,-0.112000,0.440000,0.895000
1439349722.674037,-0.113000,0.440000,0.893000
1439349722.694545,-0.114000,0.442000,0.889000
1439349722.713588,-0.116000,0.440000,0.891000
1439349722.734096,-0.113000,0.441000,0.895000
1439349722.753139,-0.116000,0.445000,0.897000
1439349722.773647,-0.114000,0.440000,0.896000
1439349722.792690,-0.115000,0.442000,0.896000
1439349722.813197,-0.114000,0.443000,0.892000
1439349722.832240,-0.112000,0.439000,0.893000
1439349722.852748,-0.112000,0.441000,0.892000
1439349722.871791,-0.113000,0.438000,0.893000
1439349722.892299,-0.113000,0.442000,0.893000
1439349722.912807,-0.114000,0.441000,0.889000
1439349722.931850,-0.115000,0.439000,0.889000
1439349722.952358,-0.111000,0.441000,0.895000
1439349722.971400,-0.114000,0.442000,0.893000
1439349722.991908,-0.113000,0.442000,0.897000
1439349723.010951,-0.114000,0.440000,0.894000
1439349723.031459,-0.111000,0.439000,0.897000
1439349723.051967,-0.115000,0.438000,0.894000
1439349723.071010,-0.113000,0.441000,0.892000
1439349723.090053,-0.114000,0.443000,0.896000
1439349723.110561,-0.113000,0.443000,0.893000
1439349723.131068,-0.112000,0.443000,0.894000
1439349723.151576,-0.115000,0.442000,0.894000
1439349723.169154,-0.113000,0.441000,0.889000
1439349723.189662,-0.114000,0.444000,0.890000
1439349723.210170,-0.115000,0.442000,0.893000
1439349723.230678,-0.113000,0.442000,0.890000
1439349723.249721,-0.117000,0.442000,0.895000
1439349723.268764,-0.114000,0.441000,0.894000
1439349723.289272,-0.113000,0.440000,0.895000
1439349723.309779,-0.111000,0.442000,0.895000
1439349723.328822,-0.113000,0.440000,0.895000
1439349723.347865,-0.116000,0.440000,0.892000
1439349723.368373,-0.112000,0.444000,0.895000
1439349723.387416,-0.111000,0.439000,0.892000
1439349723.407924,-0.113000,0.440000,0.891000
1439349723.426967,-0.115000,0.441000,0.891000
1439349723.447475,-0.114000,0.445000,0.893000
1439349723.467983,-0.114000,0.442000,0.892000
1439349723.487025,-0.112000,0.443000,0.892000
1439349723.507533,-0.118000,0.443000,0.895000
1439349723.526576,-0.113000,0.443000,0.891000
1439349723.547084,-0.115000,0.441000,0.893000
1439349723.566127,-0.115000,0.442000,0.896000
1439349723.586635,-0.111000,0.442000,0.890000
1439349723.605678,-0.114000,0.443000,0.896000
1439349723.626186,-0.113000,0.443000,0.895000
1439349723.645229,-0.113000,0.443000,0.891000
1439349723.665736,-0.114000,0.441000,0.892000
1439349723.684779,-0.116000,0.442000,0.893000
1439349723.705287,-0.113000,0.443000,0.895000
1439349723.725795,-0.115000,0.442000,0.892000
1439349723.744838,-0.114000,0.440000,0.894000
1439349723.765346,-0.115000,0.440000,0.888000
1439349723.784389,-0.114000,0.445000,0.893000
1439349723.804897,-0.115000,0.440000,0.893000
1439349723.823940,-0.118000,0.444000,0.892000
1439349723.844447,-0.115000,0.439000,0.889000
1439349723.863490,-0.115000,0.441000,0.896000
1439349723.883998,-0.115000,0.439000,0.893000
1439349723.903041,-0.113000,0.441000,0.892000
1439349723.923549,-0.114000,0.444000,0.893000
1439349723.944057,-0.115000,0.445000,0.895000
1439349723.963100,-0.114000,0.442000,0.891000
1439349723.982143,-0.114000,0.440000,0.895000
1439349724.002650,-0.114000,0.442000,0.890000
1439349724.023158,-0.112000,0.443000,0.895000
1439349724.042201,-0.114000,0.441000,0.892000
1439349724.062709,-0.113000,0.443000,0.890000
1439349724.081752,-0.116000,0.440000,0.890000
1439349724.102260,-0.111000,0.444000,0.892000
1439349724.122768,-0.116000,0.442000,0.891000
1439349724.141811,-0.115000,0.445000,0.892000
1439349724.160854,-0.113000,0.444000,0.894000
1439349724.181361,-0.114000,0.444000,0.891000
1439349724.201869,-0.116000,0.441000,0.891000
1439349724.220912,-0.113000,0.440000,0.896000
1439349724.239955,-0.112000,0.447000,0.894000
1439349724.260463,-0.114000,0.446000,0.891000
1439349724.280971,-0.115000,0.445000,0.893000
1439349724.300014,-0.116000,0.442000,0.890000
1439349724.320522,-0.111000,0.443000,0.894000
1439349724.339565,-0.112000,0.443000,0.895000
1439349724.360072,-0.113000,0.443000,0.889000
1439349724.379115,-0.116000,0.442000,0.891000
1439349724.399623,-0.113000,0.443000,0.893000
1439349724.418666,-0.116000,0.446000,0.893000
1439349724.439174,-0.113000,0.446000,0.893000
1439349724.458217,-0.112000,0.442000,0.894000
1439349724.478725,-0.115000,0.440000,0.893000
1439349724.497768,-0.113000,0.442000,0.893000
1439349724.518275,-0.117000,0.443000,0.895000
1439349724.538783,-0.114000,0.441000,0.890000
1439349724.557826,-0.116000,0.444000,0.891000
1439349724.578334,-0.116000,0.444000,0.894000
1439349724.597377,-0.116000,0.442000,0.890000
1439349724.617885,-0.112000,0.441000,0.892000
1439349724.636928,-0.116000,0.444000,0.892000
1439349724.657436,-0.117000,0.444000,0.894000
1439349724.676479,-0.112000,0.442000,0.894000
1439349724.696986,-0.115000,0.443000,0.892000
1439349724.716029,-0.115000,0.443000,0.889000
1439349724.736537,-0.118000,0.441000,0.889000
1439349724.755580,-0.116000,0.441000,0.891000
1439349724.776088,-0.114000,0.442000,0.892000
1439349724.796596,-0.116000,0.444000,0.896000
1439349724.815639,-0.114000,0.447000,0.891000
1439349724.836147,-0.114000,0.442000,0.890000
1439349724.855190,-0.117000,0.444000,0.893000
1439349724.875697,-0.115000,0.441000,0.892000
1439349724.894740,-0.114000,0.443000,0.890000
1439349724.915248,-0.117000,0.444000,0.890000
1439349724.934291,-0.114000,0.442000,0.896000
1439349724.954799,-0.114000,0.445000,0.889000
1439349724.973842,-0.119000,0.444000,0.895000
1439349724.994350,-0.116000,0.445000,0.890000
1439349725.014858,-0.118000,0.439000,0.895000
1439349725.033900,-0.116000,0.444000,0.888000
1439349725.054408,-0.114000,0.442000,0.891000
1439349725.073451,-0.116000,0.443000,0.892000
1439349725.093959,-0.115000,0.442000,0.894000
1439349725.113002,-0.114000,0.445000,0.889000
1439349725.133510,-0.113000,0.442000,0.893000
1439349725.152553,-0.115000,0.447000,0.896000
1439349725.173061,-0.117000,0.445000,0.892000
1439349725.192104,-0.113000,0.444000,0.895000
1439349725.212611,-0.114000,0.442000,0.893000
1439349725.231654,-0.117000,0.442000,0.890000
1439349725.252162,-0.114000,0.442000,0.892000
1439349725.271205,-0.116000,0.442000,0.894000
1439349725.291713,-0.114000,0.443000,0.889000
1439349725.310756,-0.115000,0.445000,0.891000
1439349725.331264,-0.117000,0.441000,0.891000
1439349725.351772,-0.114000,0.445000,0.890000
1439349725.370815,-0.115000,0.443000,0.894000
1439349725.391322,-0.116000,0.444000,0.889000
1439349725.410365,-0.116000,0.442000,0.892000
1439349725.430873,-0.113000,0.444000,0.894000
1439349725.449916,-0.115000,0.444000,0.895000
1439349725.470424,-0.115000,0.443000,0.893000
1439349725.489467,-0.114000,0.443000,0.889000
1439349725.509975,-0.118000,0.440000,0.890000
1439349725.529018,-0.116000,0.442000,0.889000
1439349725.549525,-0.117000,0.443000,0.891000
1439349725.568568,-0.110000,0.444000,0.892000
1439349725.589076,-0.114000,0.445000,0.891000
1439349725.609584,-0.118000,0.446000,0.893000
1439349725.628627,-0.115000,0.444000,0.888000
1439349725.649135,-0.116000,0.444000,0.890000
1439349725.668178,-0.116000,0.444000,0.893000
1439349725.688686,-0.112000,0.440000,0.895000
1439349725.707729,-0.115000,0.443000,0.892000
1439349725.728236,-0.113000,0.443000,0.890000
1439349725.747279,-0.115000,0.444000,0.886000
1439349725.767787,-0.116000,0.442000,0.893000
1439349725.786830,-0.112000,0.445000,0.891000
1439349725.807338,-0.114000,0.445000,0.894000
1439349725.827846,-0.111000,0.444000,0.894000
1439349725.846889,-0.113000,0.445000,0.890000
1439349725.867397,-0.113000,0.442000,0.892000
1439349725.886440,-0.114000,0.445000,0.890000
1439349725.906947,-0.117000,0.446000,0.891000
1439349725.925990,-0.113000,0.446000,0.891000
1439349725.946498,-0.115000,0.444000,0.892000
1439349725.965541,-0.114000,0.443000,0.893000
1439349725.986049,-0.111000,0.445000,0.892000
1439349726.005092,-0.113000,0.442000,0.890000
1439349726.025600,-0.114000,0.444000,0.890000
1439349726.044643,-0.115000,0.444000,0.892000
1439349726.065150,-0.115000,0.447000,0.895000
1439349726.085658,-0.113000,0.443000,0.889000
1439349726.104701,-0.114000,0.441000,0.890000
1439349726.125209,-0.114000,0.444000,0.889000
1439349726.144252,-0.117000,0.446000,0.896000
1439349726.164760,-0.115000,0.446000,0.890000
1439349726.183803,-0.115000,0.442000,0.892000
1439349726.204311,-0.115000,0.441000,0.893000
1439349726.223354,-0.114000,0.441000,0.893000
1439349726.243861,-0.115000,0.446000,0.891000
1439349726.262904,-0.120000,0.448000,0.893000
1439349726.283412,-0.116000,0.444000,0.892000
1439349726.302455,-0.113000,0.446000,0.892000
1439349726.322963,-0.112000,0.445000,0.892000
1439349726.342006,-0.116000,0.445000,0.890000
1439349726.362514,-0.115000,0.442000,0.889000
1439349726.383022,-0.115000,0.442000,0.895000
1439349726.402065,-0.118000,0.446000,0.895000
1439349726.422572,-0.115000,0.445000,0.891000
1439349726.441615,-0.112000,0.443000,0.892000
1439349726.462123,-0.114000,0.441000,0.894000
1439349726.481166,-0.113000,0.443000,0.896000
1439349726.501674,-0.112000,0.441000,0.891000
1439349726.520717,-0.113000,0.444000,0.891000
1439349726.541225,-0.116000,0.445000,0.890000
1439349726.560268,-0.117000,0.447000,0.891000
1439349726.580775,-0.115000,0.443000,0.892000
1439349726.599818,-0.113000,0.444000,0.893000
1439349726.620326,-0.114000,0.445000,0.889000
1439349726.639369,-0.114000,0.447000,0.893000
1439349726.659877,-0.114000,0.444000,0.891000
1439349726.680385,-0.114000,0.446000,0.892000
1439349726.699428,-0.114000,0.442000,0.897000
1439349726.719936,-0.115000,0.446000,0.887000
1439349726.738979,-0.116000,0.445000,0.891000
1439349726.759486,-0.118000,0.444000,0.894000
1439349726.778529,-0.114000,0.443000,0.894000
1439349726.799037,-0.113000,0.442000,0.888000
1439349726.818080,-0.116000,0.445000,0.890000
1439349726.838588,-0.114000,0.444000,0.891000
1439349726.859096,-0.115000,0.446000,0.891000
1439349726.878139,-0.113000,0.445000,0.891000
1439349726.897182,-0.113000,0.443000,0.895000
1439349726.917690,-0.118000,0.446000,0.891000
1439349726.938197,-0.119000,0.443000,0.895000
1439349726.958705,-0.118000,0.444000,0.889000
1439349726.977748,-0.116000,0.444000,0.891000
1439349726.996791,-0.114000,0.443000,0.889000
1439349727.017299,-0.114000,0.445000,0.890000
1439349727.037807,-0.118000,0.442000,0.892000
1439349727.056850,-0.114000,0.446000,0.891000
1439349727.075893,-0.117000,0.444000,0.891000
1439349727.096400,-0.119000,0.444000,0.891000
1439349727.115443,-0.112000,0.443000,0.892000
1439349727.135951,-0.114000,0.446000,0.889000
1439349727.154994,-0.115000,0.446000,0.890000
1439349727.175502,-0.115000,0.441000,0.892000
1439349727.196010,-0.114000,0.445000,0.891000
1439349727.215053,-0.119000,0.441000,0.891000
1439349727.235561,-0.115000,0.443000,0.894000
1439349727.254604,-0.116000,0.444000,0.890000
1439349727.275111,-0.115000,0.445000,0.895000
1439349727.294154,-0.116000,0.445000,0.892000
1439349727.314662,-0.116000,0.441000,0.890000
1439349727.333705,-0.116000,0.446000,0.887000
1439349727.354213,-0.115000,0.447000,0.893000
1439349727.373256,-0.117000,0.446000,0.893000
1439349727.393764,-0.114000,0.445000,0.895000
1439349727.412807,-0.116000,0.446000,0.889000
1439349727.433315,-0.117000,0.446000,0.891000
1439349727.453822,-0.118000,0.447000,0.894000
1439349727.472865,-0.117000,0.446000,0.889000
1439349727.493373,-0.116000,0.444000,0.891000
1439349727.512416,-0.116000,0.443000,0.887000
1439349727.532924,-0.118000,0.445000,0.891000
1439349727.551967,-0.116000,0.445000,0.891000
1439349727.572475,-0.114000,0.446000,0.893000
1439349727.591518,-0.114000,0.444000,0.888000
1439349727.612025,-0.117000,0.445000,0.887000
1439349727.631068,-0.115000,0.446000,0.890000
1439349727.651576,-0.115000,0.446000,0.893000
1439349727.672084,-0.114000,0.444000,0.891000
1439349727.691127,-0.115000,0.443000,0.890000
1439349727.710170,-0.115000,0.446000,0.891000
1439349727.730678,-0.116000,0.445000,0.890000
1439349727.751186,-0.116000,0.444000,0.886000
1439349727.770229,-0.116000,0.446000,0.893000
1439349727.790736,-0.113000,0.447000,0.892000
1439349727.809779,-0.117000,0.443000,0.888000
1439349727.830287,-0.116000,0.443000,0.888000
1439349727.850795,-0.118000,0.442000,0.891000
1439349727.869838,-0.115000,0.443000,0.890000
1439349727.888881,-0.117000,0.442000,0.889000
1439349727.909389,-0.117000,0.445000,0.891000
1439349727.929897,-0.119000,0.446000,0.891000
1439349727.948940,-0.114000,0.445000,0.894000
1439349727.967983,-0.116000,0.444000,0.890000
1439349727.988490,-0.114000,0.444000,0.888000
1439349728.008998,-0.115000,0.443000,0.893000
1439349728.028041,-0.116000,0.446000,0.888000
1439349728.048549,-0.116000,0.446000,0.893000
1439349728.067592,-0.114000,0.446000,0.893000
1439349728.088100,-0.117000,0.446000,0.891000
1439349728.107143,-0.116000,0.444000,0.888000
1439349728.127650,-0.115000,0.448000,0.894000
1439349728.146693,-0.115000,0.447000,0.895000
1439349728.167201,-0.114000,0.447000,0.892000
1439349728.186244,-0.116000,0.446000,0.890000
1439349728.206752,-0.119000,0.447000,0.889000
1439349728.225795,-0.114000,0.442000,0.891000
1439349728.246303,-0.116000,0.446000,0.892000
1439349728.266811,-0.118000,0.445000,0.892000
1439349728.285854,-0.114000,0.443000,0.891000
1439349728.306361,-0.115000,0.447000,0.890000
1439349728.325404,-0.112000,0.446000,0.892000
1439349728.345912,-0.117000,0.442000,0.893000
1439349728.364955,-0.116000,0.445000,0.893000
1439349728.385463,-0.114000,0.443000,0.889000
1439349728.404506,-0.115000,0.447000,0.893000
1439349728.425014,-0.116000,0.446000,0.894000
1439349728.444057,-0.115000,0.444000,0.889000
1439349728.464565,-0.116000,0.445000,0.893000
1439349728.483608,-0.120000,0.443000,0.889000
1439349728.504115,-0.113000,0.446000,0.890000
1439349728.524623,-0.115000,0.448000,0.891000
1439349728.543666,-0.117000,0.449000,0.888000
1439349728.564174,-0.116000,0.445000,0.891000
1439349728.583217,-0.115000,0.444000,0.893000
1439349728.603725,-0.112000,0.446000,0.891000
1439349728.622768,-0.120000,0.447000,0.889000
1439349728.643275,-0.120000,0.442000,0.893000
1439349728.662318,-0.115000,0.445000,0.891000
1439349728.682826,-0.118000,0.445000,0.890000
1439349728.701869,-0.115000,0.448000,0.891000
1439349728.722377,-0.118000,0.445000,0.887000
1439349728.742885,-0.114000,0.447000,0.889000
1439349728.761928,-0.116000,0.447000,0.892000
1439349728.782436,-0.114000,0.442000,0.894000
1439349728.801479,-0.117000,0.446000,0.891000
1439349728.821986,-0.115000,0.442000,0.892000
1439349728.841029,-0.115000,0.444000,0.891000
1439349728.861537,-0.115000,0.446000,0.891000
1439349728.880580,-0.117000,0.444000,0.894000
1439349728.901088,-0.116000,0.445000,0.890000
1439349728.920131,-0.115000,0.446000,0.893000
1439349728.940639,-0.113000,0.447000,0.887000
1439349728.959682,-0.116000,0.444000,0.891000
1439349728.980190,-0.115000,0.445000,0.891000
1439349728.999233,-0.116000,0.445000,0.892000
1439349729.019740,-0.117000,0.443000,0.890000
1439349729.040248,-0.116000,0.445000,0.892000
1439349729.059291,-0.113000,0.446000,0.893000
1439349729.079799,-0.114000,0.445000,0.891000
1439349729.098842,-0.115000,0.445000,0.891000
1439349729.119350,-0.115000,0.445000,0.888000
1439349729.138393,-0.117000,0.442000,0.891000
1439349729.158900,-0.119000,0.448000,0.893000
1439349729.177943,-0.116000,0.448000,0.890000
1439349729.198451,-0.113000,0.441000,0.891000
1439349729.217494,-0.116000,0.441000,0.891000
1439349729.238002,-0.117000,0.443000,0.890000
1439349729.257045,-0.116000,0.443000,0.891000
